Home ID,consumo_total_kwh,consumo_promedio_kwh,consumo_maximo_kwh,consumo_minimo_kwh,desviacion_consumo_kwh,numero_mediciones,cantidad_personas,temperatura_promedio,temperatura_maxima,temperatura_minima,porcentaje_horario_pico,coeficiente_variacion
1,324.76,1.5391469194312797,4.88,0.1,1.1716948376593659,211,3,13.632701421800947,39.8,-9.9,0.09004739336492891,0.761262503837068
2,311.52,1.4905263157894737,4.93,0.15,1.0964278583577656,209,3,15.357894736842105,39.6,-9.7,0.11961722488038277,0.735597786327597
3,332.06,1.5373148148148148,4.98,0.14,1.2290799027758152,216,5,13.097685185185185,39.9,-9.7,0.18981481481481483,0.7994978588194185
4,262.56,1.4586666666666668,4.92,0.11,1.1536589351049498,180,5,13.543333333333335,38.7,-9.5,0.1,0.790899635583832
5,297.07,1.4351207729468598,4.91,0.12,1.1754201314181616,207,1,13.954106280193237,39.9,-9.9,0.10144927536231885,0.8190391732708098
6,333.99,1.5607009345794394,4.92,0.12,1.2511932236508958,214,1,14.275233644859814,39.6,-9.6,0.1261682242990654,0.8016867267322126
7,312.81,1.4825118483412323,4.95,0.11,1.1621690900667454,211,3,16.121800947867296,40.0,-9.7,0.08530805687203792,0.7839189220424004
8,301.21,1.4985572139303482,4.88,0.11,1.1408051577549074,201,1,14.687064676616915,39.2,-9.6,0.10945273631840796,0.7612690040461353
9,310.69,1.4251834862385322,4.97,0.1,1.109937604964792,218,5,13.649999999999999,39.9,-9.8,0.11467889908256881,0.7788033019483236
10,282.52,1.4869473684210526,4.95,0.12,1.198242163725491,190,3,13.996315789473686,39.9,-9.6,0.12631578947368421,0.8058403338094411
11,244.4,1.3577777777777778,4.74,0.11,1.0188467330394702,180,4,14.213333333333335,39.9,-10.0,0.13333333333333333,0.7503781176231777
12,348.92,1.5788235294117647,4.99,0.11,1.2785597261223394,221,1,15.357013574660634,39.8,-9.4,0.14479638009049775,0.8098180083487246
13,314.83,1.5820603015075376,4.97,0.11,1.1726143959537119,199,5,15.084924623115578,39.8,-9.9,0.12060301507537688,0.741194501142803
14,282.05,1.4464102564102566,4.96,0.14,1.1589879320762524,195,1,13.185641025641024,38.7,-9.9,0.10256410256410256,0.8012857534297791
15,283.85,1.5946629213483148,4.82,0.1,1.231193050018565,178,5,14.525842696629214,40.0,-9.8,0.10674157303370786,0.7720710336561725
16,286.48,1.3974634146341465,4.93,0.1,1.1232207738210618,205,4,15.985853658536586,39.9,-10.0,0.13170731707317074,0.8037568368937366
17,314.85,1.5358536585365854,4.91,0.11,1.1766085685465812,205,1,13.140487804878049,38.8,-9.7,0.11707317073170732,0.7660941926379201
18,274.33,1.4140721649484536,4.92,0.11,1.231001704644545,194,1,15.210309278350516,40.0,-9.2,0.0979381443298969,0.8705366919441612
19,315.74,1.4550230414746543,4.99,0.12,1.1070615612478645,217,5,14.832258064516129,39.5,-9.9,0.1152073732718894,0.7608550034546988
20,277.74,1.526043956043956,4.98,0.16,1.173542005143487,182,4,13.7489010989011,39.4,-9.7,0.13736263736263737,0.7690093070357696
21,300.53,1.4175943396226414,4.95,0.11,1.1435453996694878,212,5,15.157075471698114,39.8,-9.6,0.12264150943396226,0.8066802806040376
22,303.5,1.4661835748792271,5.0,0.11,1.2053760743849942,207,1,16.71014492753623,39.9,-9.9,0.13043478260869565,0.8221181133367176
23,312.69,1.5253170731707317,4.93,0.11,1.2065440526282363,205,4,15.308292682926828,39.9,-9.9,0.1073170731707317,0.7910119632504667
24,299.18,1.5186802030456854,4.95,0.11,1.1638431605290132,197,5,16.14467005076142,39.1,-9.5,0.10152284263959391,0.7663517034033545
25,302.0,1.444976076555024,4.99,0.1,1.2326800556580872,209,2,13.551674641148326,38.7,-9.6,0.09569377990430622,0.853079906068014
26,289.22,1.4908247422680414,4.99,0.13,1.0871740903849476,194,2,16.173711340206186,39.8,-9.9,0.0979381443298969,0.7292433909642481
27,296.74,1.3997169811320755,5.0,0.11,1.048151573231929,212,1,14.56933962264151,40.0,-9.8,0.1320754716981132,0.748831076110969
28,266.03,1.4458152173913041,4.99,0.1,1.1383855832540257,184,5,14.0625,39.9,-9.9,0.11956521739130435,0.7873658885040814
29,278.67,1.4744444444444444,4.95,0.13,1.167643258937354,189,4,17.0994708994709,39.8,-9.6,0.12698412698412698,0.7919208236952665
30,275.02,1.4706951871657754,4.83,0.11,1.1526491451221856,187,2,15.505882352941176,40.0,-9.7,0.10160427807486631,0.7837444190889706
31,265.61,1.5177714285714285,4.96,0.11,1.225094485816903,175,2,14.744,39.6,-10.0,0.13142857142857142,0.8071666541845489
32,340.37,1.4928508771929825,4.89,0.1,1.1559706086873516,228,4,14.853070175438596,39.9,-9.9,0.10526315789473684,0.7743376289940833
33,250.88,1.3937777777777778,4.95,0.11,1.1611259973087844,180,4,15.337777777777779,39.9,-9.8,0.14444444444444443,0.833078282507897
34,303.38,1.5245226130653267,4.91,0.11,1.1968792114111972,199,3,15.645226130653267,39.8,-9.9,0.11557788944723618,0.7850845905162774
35,314.41,1.6461256544502618,4.83,0.16,1.2728181186152352,191,4,14.952879581151832,39.8,-10.0,0.1256544502617801,0.7732205103384432
36,269.09,1.4088481675392668,4.99,0.14,1.1960033149858535,191,1,13.951832460732986,38.5,-9.4,0.13089005235602094,0.8489227885179608
37,295.45,1.5388020833333333,4.99,0.1,1.1707960876892771,192,5,14.580208333333333,39.9,-9.3,0.15104166666666666,0.7608490398928455
38,270.86,1.3342857142857143,4.84,0.14,1.1079062659814,203,1,14.066995073891626,39.9,-9.7,0.08866995073891626,0.8303366019132549
39,284.63,1.6080790960451976,4.92,0.14,1.296832125562167,177,3,14.26271186440678,39.3,-9.9,0.07909604519774012,0.8064479718388912
40,317.26,1.5863,4.96,0.14,1.2678713653186486,200,3,14.285,39.8,-10.0,0.14,0.7992632952900767
41,307.47,1.5297014925373136,4.98,0.16,1.1245100757431037,201,3,14.987562189054726,39.5,-9.9,0.1044776119402985,0.7351173292495652
42,283.32,1.3956650246305418,4.93,0.12,1.10230448350931,203,3,15.615270935960591,40.0,-10.0,0.12807881773399016,0.7898059090512141
43,284.53000000000003,1.4819270833333336,4.86,0.13,1.1085649111326725,192,4,13.401562499999999,39.5,-9.9,0.11458333333333333,0.7480563137014483
44,272.21,1.4177604166666666,4.82,0.1,1.0984423454503014,192,1,13.875520833333333,39.8,-9.9,0.140625,0.7747728971252263
45,353.58,1.6294009216589862,4.92,0.11,1.311585522902733,217,1,17.028110599078342,39.8,-9.9,0.10599078341013825,0.8049495403300329
46,296.91,1.4771641791044778,4.89,0.12,1.1507577581361113,201,5,13.178109452736319,39.8,-9.9,0.11940298507462686,0.7790317247157669
47,301.22,1.5607253886010364,4.92,0.1,1.1780361890610485,193,2,13.728497409326424,39.9,-9.7,0.15544041450777202,0.7548004265612587
48,327.29,1.6043627450980393,4.94,0.11,1.2064147453171048,204,1,14.68578431372549,39.6,-10.0,0.15196078431372548,0.7519588378645524
49,297.86,1.559476439790576,4.9,0.12,1.2096392407916703,191,2,14.353403141361257,40.0,-9.9,0.1099476439790576,0.7756700966602061
50,320.82,1.6121608040201005,5.0,0.14,1.256220021209756,199,1,13.56281407035176,39.8,-9.5,0.10552763819095477,0.7792150870293044
51,307.74,1.4866666666666668,5.0,0.11,1.207031583148696,207,3,15.565217391304348,39.9,-9.9,0.13526570048309178,0.8119046523421721
52,301.9,1.4173708920187793,4.83,0.12,1.1485822427645362,213,3,13.95962441314554,39.8,-9.0,0.09389671361502347,0.8103611053621935
53,257.83,1.4649431818181817,4.98,0.14,1.1145007836485568,176,1,13.157386363636363,39.6,-9.2,0.125,0.7607808940858163
54,290.6,1.4751269035532997,4.93,0.14,1.0822155134199436,197,4,15.132994923857867,39.3,-9.7,0.12690355329949238,0.733642312951579
55,296.55,1.4902010050251258,4.93,0.14,1.1616119763653217,199,4,15.473366834170854,39.7,-9.9,0.11055276381909548,0.7795001965830348
56,283.45,1.3963054187192119,4.97,0.1,1.145486037755705,203,5,15.170443349753695,39.8,-9.6,0.08866995073891626,0.8203692561806601
57,320.25,1.5932835820895523,4.98,0.15,1.2311763335034929,201,2,15.69502487562189,39.7,-9.4,0.14427860696517414,0.7727289399975084
58,286.96999999999997,1.5428494623655913,4.97,0.14,1.112405209529737,186,4,16.93978494623656,39.6,-9.9,0.14516129032258066,0.7210069657892152
59,297.25,1.48625,4.94,0.1,1.2453803832544394,200,5,14.2585,39.2,-9.8,0.115,0.8379346565210694
60,301.14,1.4618446601941746,4.93,0.1,1.1692330173761631,206,5,17.050485436893204,39.7,-9.9,0.11650485436893204,0.799833969514145
61,367.86,1.6063755458515285,4.99,0.11,1.2767964497664515,229,3,14.768995633187773,40.0,-9.4,0.14410480349344978,0.7948306067431016
62,294.38,1.5493684210526315,4.75,0.1,1.1584370153677814,190,1,14.210526315789474,39.8,-10.0,0.12631578947368421,0.747683378354095
63,272.63,1.3839086294416243,4.93,0.1,1.1715886004701836,197,3,15.630456852791877,40.0,-9.4,0.15228426395939088,0.846579445741944
64,309.28,1.4588679245283018,4.87,0.11,1.2285897751299926,212,5,16.56179245283019,39.7,-9.7,0.14622641509433962,0.8421528463772583
65,317.35,1.5405339805825244,4.98,0.1,1.2317824508235053,206,3,16.089320388349513,39.7,-10.0,0.1262135922330097,0.7995814869060724
66,296.63,1.461231527093596,4.81,0.12,1.1094941138663572,203,4,14.12807881773399,39.7,-10.0,0.1330049261083744,0.7592870077701868
67,282.77,1.4138499999999998,4.93,0.1,1.069671286332404,200,5,16.6975,40.0,-8.6,0.115,0.7565663163223851
68,299.95,1.4082159624413144,4.87,0.1,1.0513673084565487,213,2,15.713145539906103,39.8,-9.3,0.18309859154929578,0.7465952215410732
69,312.13,1.5606499999999999,5.0,0.12,1.2547570096502074,200,3,12.943,39.5,-9.8,0.125,0.8039964179349678
70,287.17,1.443065326633166,4.96,0.11,1.1740008219989932,199,4,16.585929648241205,39.9,-9.4,0.135678391959799,0.8135465528356014
71,292.44,1.3925714285714286,4.74,0.11,1.0394118953403326,210,3,14.24904761904762,39.6,-10.0,0.11904761904761904,0.7463975448689298
72,288.52,1.5940331491712707,4.94,0.11,1.2949872496178505,181,3,17.954143646408838,40.0,-9.9,0.09944751381215469,0.8123966871649485
73,315.97,1.5046190476190477,5.0,0.1,1.225106614877771,210,5,14.67952380952381,39.9,-9.4,0.1380952380952381,0.8142304304976165
74,339.41,1.6085781990521328,5.0,0.12,1.270437070384901,211,4,14.444549763033177,39.9,-9.7,0.14691943127962084,0.7897888154480248
75,268.95,1.3583333333333332,4.99,0.14,1.1008131512244164,198,1,14.446464646464648,39.1,-9.3,0.15656565656565657,0.8104145898584662
76,259.21,1.4400555555555554,4.98,0.11,1.0975124220023251,180,3,14.568333333333335,39.9,-9.8,0.15555555555555556,0.7621320009275049
77,325.81,1.6881347150259067,4.99,0.1,1.3492014005541721,193,1,13.218652849740932,39.6,-10.0,0.09326424870466321,0.7992261450138277
78,269.93,1.3632828282828282,4.96,0.1,1.1091084958842943,198,3,15.557070707070707,40.0,-9.3,0.14646464646464646,0.8135571525398817
79,297.2,1.5319587628865978,4.81,0.15,1.2021644031398948,194,5,16.164432989690724,40.0,-9.7,0.16494845360824742,0.784723735562381
80,329.59,1.5258796296296295,4.98,0.18,1.1087957701318074,216,1,14.080555555555556,39.8,-9.5,0.18055555555555555,0.7266600514228904
81,288.69,1.4014077669902913,4.89,0.11,1.1540704035411462,206,3,14.630582524271846,39.8,-9.9,0.16019417475728157,0.8235079259048672
82,323.05,1.553125,4.91,0.1,1.1669363430555932,208,3,14.961538461538462,39.6,-10.0,0.14423076923076922,0.7513473436172833
83,326.09,1.5829611650485436,4.99,0.1,1.154519631263278,206,2,13.80728155339806,39.7,-9.9,0.11650485436893204,0.7293417278672614
84,325.73,1.661887755102041,4.95,0.17,1.2594247802390033,196,3,13.346938775510203,39.9,-9.8,0.15816326530612246,0.7578278234330416
85,308.43,1.4480281690140846,4.99,0.11,1.1567671522332323,213,3,15.965258215962441,39.9,-9.9,0.09389671361502347,0.798856801950778
86,308.43,1.3769196428571429,4.94,0.1,1.0088117917540094,224,5,17.384821428571428,39.8,-10.0,0.11160714285714286,0.7326584357970953
87,292.53,1.4626499999999998,4.99,0.12,1.1259151397907614,200,2,13.357000000000001,39.7,-9.5,0.145,0.7697775542958066
88,307.46,1.4367289719626166,4.94,0.11,1.175932973482681,214,4,15.518691588785046,39.9,-9.9,0.1261682242990654,0.818479334955096
89,270.44,1.5908235294117647,4.95,0.11,1.2384163505991255,170,5,15.491764705882352,39.9,-9.8,0.08823529411764706,0.7784750022254523
90,239.84,1.4448192771084338,4.84,0.1,1.0757096166078022,166,1,16.410843373493975,39.8,-9.8,0.10843373493975904,0.7445288373786489
91,323.25,1.5466507177033493,4.99,0.1,1.186624283383476,209,2,14.794736842105262,40.0,-9.9,0.1674641148325359,0.7672218877869961
92,317.56,1.5799004975124378,4.83,0.13,1.2274404221996893,201,3,14.396517412935323,39.9,-10.0,0.14427860696517414,0.7769099535903059
93,278.23,1.4491145833333334,4.94,0.1,1.1229424453163304,192,4,15.123958333333334,39.9,-10.0,0.13020833333333334,0.7749162545402559
94,319.58,1.5742857142857143,4.88,0.12,1.1939649633908065,203,5,15.143349753694581,39.7,-9.8,0.11822660098522167,0.7584169458925268
95,346.17,1.5952534562211982,4.97,0.1,1.297382355795393,217,2,15.847465437788019,39.7,-9.7,0.0967741935483871,0.813276630579196
96,280.6,1.500534759358289,4.99,0.11,1.1365973235653113,187,2,14.302673796791444,40.0,-9.8,0.1497326203208556,0.7574615092897833
97,308.81,1.4846634615384615,4.84,0.11,1.1873495357354331,208,4,15.397115384615384,39.8,-9.4,0.15865384615384615,0.7997432189144461
98,291.4,1.3942583732057414,4.89,0.1,1.0724825398611189,209,3,15.171291866028708,40.0,-9.6,0.12440191387559808,0.7692136267363551
99,300.92,1.6265945945945948,4.96,0.11,1.2446685314699224,185,1,15.262702702702702,39.9,-9.5,0.15675675675675677,0.7651989841882747
100,312.26,1.523219512195122,4.98,0.11,1.1522247770605827,205,2,14.285365853658536,40.0,-10.0,0.12682926829268293,0.7564403999789261
101,277.44,1.445,4.93,0.1,1.1938744178741958,192,5,14.727083333333333,40.0,-9.7,0.10416666666666667,0.826210669809132
102,321.63,1.5388995215311005,4.99,0.12,1.184564279861912,209,1,14.923444976076555,39.8,-9.7,0.08133971291866028,0.7697476432271231
103,356.44,1.529785407725322,4.92,0.11,1.2389575868557918,233,5,15.703004291845494,39.9,-9.7,0.11158798283261803,0.8098897927769035
104,298.84,1.5564583333333333,4.9,0.1,1.249282080049292,192,3,15.628124999999999,39.4,-9.7,0.08854166666666667,0.8026440883732568
105,317.73,1.6128426395939086,4.9,0.11,1.29484536962288,197,1,14.84010152284264,39.7,-9.8,0.10152284263959391,0.8028342863931872
106,287.7,1.4102941176470587,4.87,0.13,1.0638066751683388,204,2,15.373039215686275,39.8,-9.9,0.1323529411764706,0.7543154735291663
107,261.67,1.3558031088082902,4.93,0.13,1.1967144703445145,193,4,15.069430051813471,39.8,-10.0,0.15025906735751296,0.8826609576049653
108,291.94,1.5126424870466322,4.9,0.16,1.193396658726867,193,1,16.489637305699482,40.0,-9.6,0.11398963730569948,0.7889482603763969
109,274.9,1.54438202247191,4.98,0.13,1.2193690644678492,178,2,16.8,39.8,-9.1,0.0898876404494382,0.7895514495281091
110,330.57,1.5375348837209302,5.0,0.1,1.2130867276597201,215,4,13.613488372093023,39.8,-9.9,0.14883720930232558,0.7889815967778075
111,324.81,1.5615865384615384,4.93,0.1,1.2077458870725317,208,5,16.49423076923077,39.7,-9.8,0.10096153846153846,0.7734095148273964
112,295.01,1.5445549738219895,4.99,0.14,1.19550856206134,191,2,15.843455497382198,39.8,-9.9,0.12041884816753927,0.7740148989990709
113,325.06,1.5779611650485437,4.92,0.11,1.2493513315733096,206,5,15.88980582524272,39.8,-9.8,0.13106796116504854,0.791750367021786
114,321.71999999999997,1.449189189189189,4.69,0.12,1.1072836888825748,222,2,14.782432432432431,39.9,-9.9,0.11711711711711711,0.7640711765881252
115,342.69,1.6088732394366196,4.99,0.12,1.2028392699474293,213,1,14.769953051643192,39.3,-9.9,0.107981220657277,0.7476283652829159
116,283.45,1.5077127659574467,4.96,0.11,1.170395784077746,188,2,15.39095744680851,39.8,-9.8,0.10638297872340426,0.7762723845708811
117,288.86,1.458888888888889,4.97,0.13,1.1806011450671154,198,1,15.120707070707072,39.6,-10.0,0.1717171717171717,0.8092467864131028
118,297.23,1.4787562189054728,4.9,0.13,1.1760790557074101,201,4,14.470149253731343,39.9,-10.0,0.13432835820895522,0.7953163886457941
119,289.74,1.4935051546391753,4.85,0.13,1.2076633896361986,194,3,14.671134020618556,40.0,-9.8,0.10824742268041238,0.8086101249030941
120,278.05,1.5533519553072626,5.0,0.12,1.2463231063989417,179,2,15.500558659217877,39.1,-9.8,0.12290502793296089,0.8023443123373875
121,319.83,1.623502538071066,4.98,0.13,1.3387743466578061,197,3,15.234517766497461,39.8,-10.0,0.09137055837563451,0.8246210370871645
122,322.66,1.4469058295964126,4.89,0.12,1.0631458609817468,223,5,15.023766816143498,39.9,-9.9,0.13452914798206278,0.7347719797896533
123,294.87,1.4597524752475248,4.9,0.11,1.1898578192241993,202,5,13.582178217821781,39.9,-9.4,0.13366336633663367,0.815109300652112
124,279.86,1.4063316582914573,4.98,0.1,1.1292050974351378,199,4,13.440201005025125,39.9,-9.6,0.1306532663316583,0.8029436660815851
125,281.78,1.4303553299492384,4.86,0.1,1.1441177759922028,197,5,11.441624365482234,39.6,-9.6,0.1116751269035533,0.7998836037705442
126,300.77,1.439090909090909,4.96,0.1,1.0749801591924115,209,2,13.6,40.0,-10.0,0.1291866028708134,0.7469855812455166
127,308.14,1.488599033816425,4.88,0.13,1.2002093137024439,207,1,15.09855072463768,39.9,-9.8,0.09178743961352658,0.8062676962952097
128,300.26,1.4230331753554502,4.82,0.12,1.1041645382213578,211,4,15.198104265402845,39.7,-9.6,0.0995260663507109,0.7759232583917489
129,301.52,1.4780392156862745,4.89,0.15,1.1912836469617945,204,5,13.44264705882353,39.7,-9.9,0.10294117647058823,0.8059892013140292
130,300.01,1.5873544973544973,4.89,0.12,1.270920417952894,189,3,14.804232804232804,39.9,-9.8,0.15343915343915343,0.8006531748711608
131,317.64,1.5881999999999998,4.93,0.13,1.1441372339235585,200,4,14.6725,40.0,-9.7,0.115,0.7203987117010191
132,306.29,1.4447641509433964,4.71,0.11,1.1779705582291629,212,1,15.570283018867926,40.0,-9.8,0.12264150943396226,0.8153376158039195
133,364.14,1.4862857142857142,4.87,0.12,1.168247110621468,245,3,14.824897959183673,40.0,-9.8,0.11836734693877551,0.786017856050584
134,290.24,1.5438297872340425,4.97,0.1,1.2519474510020547,188,1,16.2031914893617,39.8,-9.4,0.13297872340425532,0.8109361934550244
135,247.9,1.3772222222222223,4.97,0.15,1.1410884030772952,180,4,13.868333333333334,39.9,-10.0,0.18888888888888888,0.8285434149008194
136,316.45,1.5743781094527363,4.98,0.12,1.2311651945691156,201,1,13.41542288557214,39.0,-9.7,0.09950248756218906,0.7820009609998174
137,306.58,1.525273631840796,4.99,0.1,1.1920469998079957,201,3,13.4,39.9,-10.0,0.14427860696517414,0.781529933333574
138,277.44,1.5078260869565216,4.91,0.1,1.1535195144146562,184,2,15.892934782608696,39.7,-9.9,0.10869565217391304,0.7650215926048758
139,293.61,1.4535148514851486,4.99,0.11,1.1721787437251292,202,2,15.845544554455447,39.7,-9.3,0.10891089108910891,0.8064442840246452
140,270.14,1.4602162162162162,4.94,0.11,1.2214286702361035,185,3,13.597297297297297,39.8,-9.9,0.11891891891891893,0.8364711038486679
141,258.68,1.5216470588235294,4.97,0.11,1.2579760649634333,170,1,14.314705882352941,39.9,-9.7,0.08235294117647059,0.8267200055813502
142,292.46,1.5075257731958762,4.81,0.15,1.1326122137755004,194,5,14.215463917525774,39.9,-9.9,0.16494845360824742,0.7513053732901835
143,375.3,1.6606194690265488,4.93,0.13,1.262164126102177,226,3,14.984513274336283,39.6,-9.9,0.09292035398230089,0.760056201702883
144,322.23,1.6031343283582091,4.96,0.15,1.2311294110960356,201,4,14.721393034825871,39.9,-9.9,0.12437810945273632,0.7679514993337154
145,326.22,1.614950495049505,4.98,0.12,1.2507379901182851,202,2,13.761881188118812,39.9,-10.0,0.14356435643564355,0.7744745080126711
146,301.99,1.5647150259067357,4.92,0.13,1.2618397806015085,193,5,13.648704663212435,40.0,-10.0,0.12953367875647667,0.8064342450282829
147,311.2,1.4819047619047618,4.87,0.12,1.2128984583682774,210,2,15.99,39.9,-9.6,0.11428571428571428,0.8184726100814211
148,286.1,1.4163366336633665,4.93,0.1,1.1439929398003248,202,2,15.214356435643566,39.4,-9.8,0.10396039603960396,0.8077125964336441
149,332.96,1.5931100478468898,4.95,0.12,1.244525856711525,209,2,15.072727272727272,39.4,-9.6,0.13875598086124402,0.7811926479238008
150,341.89,1.582824074074074,4.91,0.1,1.223621725471418,216,5,14.63425925925926,39.9,-9.7,0.14351851851851852,0.7730623671409701
151,358.71,1.6454587155963303,4.99,0.14,1.196820295979471,218,4,14.286697247706423,39.7,-9.9,0.11926605504587157,0.7273475078016355
152,351.59,1.6429439252336449,4.99,0.12,1.2066969726055161,214,5,13.561214953271028,39.4,-9.9,0.1308411214953271,0.7344724029056016
153,316.46,1.598282828282828,4.96,0.1,1.2654748033752972,198,3,13.494949494949495,39.6,-9.6,0.11616161616161616,0.7917715068833624
154,293.31,1.3900947867298579,4.95,0.11,1.1430181394724972,211,1,14.309004739336492,39.9,-9.8,0.11848341232227488,0.8222591368473523
155,324.66,1.5608653846153848,5.0,0.11,1.2530180844486667,208,5,15.04471153846154,39.5,-9.8,0.125,0.8027713964311053
156,306.27,1.523731343283582,4.94,0.1,1.1857472359076726,201,4,14.492039800995025,39.9,-9.9,0.15920398009950248,0.778186549180273
157,273.11,1.4842934782608697,4.99,0.13,1.102577973035876,184,1,13.882065217391306,39.3,-9.9,0.10326086956521739,0.7428301674731836
158,276.98,1.4811764705882353,4.87,0.11,1.1992025602535463,187,3,15.632620320855615,39.8,-9.9,0.1443850267379679,0.809628416374515
159,281.59,1.5909039548022597,4.99,0.1,1.21265311912097,177,3,14.690395480225988,39.8,-9.5,0.12429378531073447,0.7622415642757616
160,292.81,1.46405,4.98,0.11,1.1627048249879466,200,3,15.1575,39.8,-9.9,0.12,0.7941701615299659
161,348.5,1.6209302325581396,4.98,0.15,1.268597013617889,215,2,14.307441860465115,39.9,-9.7,0.11627906976744186,0.7826351733941065
162,296.87,1.4769651741293532,5.0,0.15,1.1800378145555737,201,1,13.993532338308457,39.6,-9.8,0.17412935323383086,0.7989611638955445
163,347.73,1.5663513513513514,4.92,0.11,1.2426160999766749,222,2,16.05135135135135,39.7,-9.7,0.10810810810810811,0.7933188801507544
164,318.62,1.5244976076555024,5.0,0.1,1.1503824034959398,209,5,16.230622009569377,39.8,-9.9,0.11483253588516747,0.7545977099072607
165,239.02,1.3896511627906978,4.95,0.11,1.0532755343618259,172,3,15.076744186046511,40.0,-8.6,0.11046511627906977,0.7579423977501215
166,304.1,1.4550239234449762,4.84,0.11,1.0636060416925606,209,5,15.255023923444977,39.7,-9.8,0.14832535885167464,0.7309886968554592
167,300.96999999999997,1.5277664974619287,4.69,0.11,1.1035152950561553,197,5,14.806598984771574,39.7,-9.6,0.1319796954314721,0.7223062535337829
168,287.21,1.4653571428571428,4.99,0.11,1.1673816307424374,196,4,15.119387755102041,40.0,-10.0,0.12755102040816327,0.7966533185666158
169,307.51,1.5609644670050762,4.95,0.11,1.270994140770846,197,5,15.306091370558377,39.9,-9.8,0.15228426395939088,0.8142364337155106
170,340.96,1.6713725490196076,4.98,0.1,1.2450513188748062,204,5,15.374509803921569,40.0,-9.7,0.10784313725490197,0.7449274667129884
171,272.3,1.5471590909090909,4.98,0.11,1.2899230974762013,176,1,13.957954545454545,39.1,-9.9,0.10227272727272728,0.8337365595145481
172,281.72,1.444717948717949,4.98,0.13,1.138380699025285,195,2,14.45076923076923,39.6,-10.0,0.14358974358974358,0.7879605150856543
173,285.13,1.4115346534653466,4.81,0.12,1.1094932379522733,202,3,14.886633663366336,39.9,-9.8,0.11386138613861387,0.7860191283497324
174,317.04,1.6342268041237114,4.83,0.11,1.1327872315770207,194,5,14.573711340206186,40.0,-9.9,0.10309278350515463,0.6931640263876546
175,270.51,1.5112290502793295,4.91,0.12,1.2682211943517683,179,4,13.672625698324023,39.7,-9.5,0.13966480446927373,0.8391985279249068
176,337.31,1.6295169082125605,4.75,0.12,1.1977806169186924,207,2,14.858454106280192,39.4,-9.0,0.15458937198067632,0.7350525857584101
177,311.34,1.5489552238805968,4.85,0.1,1.1904975443003127,201,5,13.713930348258707,39.9,-9.9,0.0945273631840796,0.7685809931404988
178,327.91,1.5394835680751175,4.96,0.15,1.2984127523388955,213,2,15.596713615023473,39.7,-9.9,0.09389671361502347,0.8434079968533583
179,336.07,1.5927488151658769,4.92,0.13,1.20027259936908,211,1,15.257345971563982,39.9,-10.0,0.11848341232227488,0.7535856174811076
180,319.45,1.5507281553398058,4.96,0.12,1.2690430248461737,206,1,14.266990291262136,39.9,-9.9,0.0970873786407767,0.8183529914487769
181,298.34000000000003,1.4842786069651743,4.98,0.12,1.2169250601372499,201,5,14.061691542288557,39.7,-9.8,0.13432835820895522,0.8198764399262157
182,322.21,1.6355837563451776,4.91,0.15,1.2264184995593177,197,3,13.131979695431472,40.0,-9.7,0.1218274111675127,0.7498353384847943
183,307.94,1.5169458128078817,4.81,0.12,1.201594869214445,203,1,15.427093596059112,39.6,-9.6,0.15270935960591134,0.7921145627412234
184,288.77,1.4017961165048543,4.88,0.11,1.099624848304746,206,2,14.524757281553397,39.9,-9.9,0.16019417475728157,0.7844399305702728
185,251.22,1.4521387283236995,4.96,0.11,1.2078423696595864,173,1,15.395375722543353,39.9,-9.5,0.12138728323699421,0.831767892489087
186,287.96,1.4691836734693877,4.97,0.11,1.1991631042966744,196,5,16.24591836734694,40.0,-9.9,0.1683673469387755,0.8162104752123496
187,319.56,1.4726267281105991,4.84,0.11,1.148207545854135,217,3,15.681105990783411,39.9,-9.9,0.11981566820276497,0.7797003299860661
188,329.62,1.6563819095477388,4.99,0.15,1.2954808689020791,199,5,15.492964824120602,39.9,-9.6,0.16080402010050251,0.7821148380301977
189,291.16,1.4413861386138616,4.93,0.12,1.1218934152716074,202,3,14.617821782178218,39.9,-9.9,0.13366336633663367,0.7783434190303086
190,293.87,1.4060765550239234,4.96,0.11,1.0941768568705663,209,3,16.01866028708134,39.9,-9.7,0.11961722488038277,0.778177299778638
191,281.82,1.4990425531914893,4.95,0.12,1.1392938700105932,188,1,15.987765957446808,39.5,-8.9,0.14893617021276595,0.7600143622240847
192,296.83,1.4694554455445543,4.94,0.12,1.22177474717351,202,3,15.726237623762376,39.8,-9.1,0.1485148514851485,0.831447289455409
193,328.17,1.7549197860962569,4.91,0.12,1.248080405195199,187,4,14.819251336898395,39.9,-9.9,0.11229946524064172,0.7111894316101478
194,291.4,1.4643216080402008,4.84,0.13,1.0089450521550258,199,2,14.194472361809044,40.0,-10.0,0.12060301507537688,0.6890187555897398
195,311.18,1.6207291666666668,4.9,0.14,1.3207238573665212,192,1,13.010416666666666,39.9,-10.0,0.10416666666666667,0.8148948538285624
196,272.91,1.3057894736842106,4.79,0.1,0.9769425784658141,209,3,16.002392344497608,40.0,-9.2,0.11961722488038277,0.7481623938271047
197,305.56,1.4833009708737863,4.94,0.13,1.1852404414702589,206,2,15.152912621359222,39.7,-9.8,0.13106796116504854,0.7990559331812846
198,250.44,1.4560465116279069,4.87,0.1,1.1468852087434658,172,1,14.179651162790698,40.0,-9.1,0.12790697674418605,0.7876707231427732
199,317.17,1.4752093023255815,4.98,0.15,1.1539917830847328,215,3,14.683255813953489,39.5,-9.9,0.12093023255813953,0.7822563084882478
200,282.34,1.4478974358974357,5.0,0.11,1.222071584850309,195,1,15.335897435897436,39.7,-9.7,0.1282051282051282,0.8440318730814277
201,332.07,1.509409090909091,4.98,0.12,1.1930124243551854,220,1,16.500454545454545,39.6,-9.4,0.09545454545454546,0.7903837545039925
202,251.03,1.3212105263157894,4.93,0.14,1.0809711036252252,190,2,14.24157894736842,39.8,-10.0,0.1631578947368421,0.8181671899326487
203,325.5,1.635678391959799,4.97,0.18,1.3158368758796333,199,5,16.496482412060303,39.7,-10.0,0.1457286432160804,0.8044594110600523
204,316.91,1.5019431279620854,4.72,0.13,1.1480270930052037,211,4,15.560189573459715,39.2,-9.9,0.13270142180094788,0.7643612275538733
205,366.97,1.5817672413793105,4.99,0.11,1.29811681020939,232,4,15.155172413793103,39.9,-9.8,0.14655172413793102,0.8206749869705384
206,320.83,1.542451923076923,4.94,0.14,1.2425745625801143,208,1,13.774038461538462,40.0,-9.9,0.10096153846153846,0.8055839822231831
207,269.46,1.4644565217391303,4.96,0.12,1.0839810900397624,184,2,14.190760869565217,39.8,-10.0,0.11413043478260869,0.7401934259901889
208,282.96,1.5212903225806451,4.93,0.12,1.2237551652378766,186,3,15.916666666666666,39.9,-10.0,0.10215053763440861,0.8044192137908011
209,289.45,1.4843589743589742,4.98,0.13,1.1603465418905223,195,5,17.13897435897436,39.8,-10.0,0.13846153846153847,0.7817155835849089
210,281.96,1.4385714285714284,4.96,0.11,1.1559540404314281,196,2,15.761734693877552,39.9,-9.6,0.14285714285714285,0.8035430271122143
211,281.8,1.4019900497512439,4.92,0.12,1.1906359728735303,201,3,15.256218905472636,39.9,-10.0,0.12437810945273632,0.8492470920779971
212,285.48,1.4491370558375636,4.97,0.11,1.064805130441123,197,2,17.073096446700507,39.6,-9.2,0.116751269035533,0.7347856616817333
213,318.6,1.539130434782609,4.68,0.11,1.1813433267766458,207,1,14.490821256038647,40.0,-10.0,0.13526570048309178,0.7675394496006455
214,255.53,1.3812432432432433,4.9,0.11,1.1318924468178668,185,2,14.967567567567567,39.9,-9.8,0.14054054054054055,0.8194736534313206
215,272.52,1.404742268041237,4.99,0.12,1.1618794786325166,194,5,14.91958762886598,39.4,-10.0,0.11855670103092783,0.8271122077451499
216,317.14,1.6098477157360405,4.99,0.13,1.144273888452072,197,4,15.684771573604062,39.9,-9.6,0.10152284263959391,0.7107963550011295
217,346.35,1.6034722222222224,4.96,0.14,1.1541401628501953,216,1,14.36111111111111,38.7,-9.9,0.13425925925925927,0.719775588784877
218,301.79,1.4721463414634148,4.95,0.1,1.1249994675592554,205,4,14.65609756097561,39.9,-10.0,0.12195121951219512,0.7641899693483791
219,300.03,1.5708376963350783,4.94,0.16,1.1807429997309375,191,4,13.620418848167539,39.8,-9.8,0.17801047120418848,0.7516645433743596
220,245.97,1.397556818181818,4.97,0.11,1.1210781785707598,176,2,15.644318181818182,40.0,-9.4,0.10227272727272728,0.8021700184105937
221,314.06,1.509903846153846,4.96,0.11,1.205119911200379,208,1,15.258653846153846,39.9,-9.8,0.11057692307692307,0.7981434806396193
222,312.24,1.4659154929577465,4.94,0.1,1.1643354783018598,213,4,14.654460093896715,40.0,-9.9,0.14084507042253522,0.7942718962282095
223,301.51,1.470780487804878,4.96,0.1,1.2040973250717149,205,5,16.668780487804877,40.0,-9.8,0.14634146341463414,0.8186791537252547
224,298.24,1.4764356435643564,4.99,0.11,1.279089060306534,202,2,14.73069306930693,39.7,-9.7,0.10396039603960396,0.8663358039898064
225,325.4,1.5719806763285022,4.97,0.13,1.2185334331811024,207,4,14.597101449275362,39.7,-10.0,0.16908212560386474,0.7751580229517155
226,296.7,1.6302197802197802,4.92,0.11,1.2510044388913728,182,5,14.067032967032967,39.3,-9.5,0.13186813186813187,0.767383916003471
227,288.43,1.4867525773195878,4.95,0.1,1.1976662412840469,194,5,14.65979381443299,39.9,-9.9,0.11855670103092783,0.8055585438723609
228,302.1,1.5105000000000002,4.98,0.1,1.24776695011891,200,5,14.975999999999999,39.9,-9.5,0.135,0.8260621980264216
229,308.88,1.5444,4.89,0.14,1.1768451309800956,200,5,15.284,39.9,-9.4,0.105,0.7620079843175962
230,319.56,1.5073584905660378,5.0,0.13,1.1644487350920292,212,5,14.908490566037736,39.6,-9.9,0.13679245283018868,0.7725094875438421
231,275.47,1.3842713567839198,4.97,0.12,1.0995845619241327,199,1,13.925628140703516,40.0,-9.5,0.08542713567839195,0.7943417716009089
232,319.23,1.5496601941747574,4.99,0.13,1.1959734808496258,206,1,15.222815533980583,39.9,-9.8,0.14563106796116504,0.7717649877988375
233,262.72,1.4514917127071825,4.96,0.1,1.1121188416650871,181,1,14.377348066298344,39.6,-9.5,0.11602209944751381,0.7661902799230388
234,286.57,1.4771649484536082,4.95,0.1,1.1733225060574701,194,5,16.224742268041236,39.9,-9.9,0.0979381443298969,0.7943070320520264
235,343.42,1.604766355140187,4.92,0.15,1.1869508383128717,214,2,15.850467289719626,39.7,-9.7,0.09813084112149532,0.7396409044288468
236,357.42,1.6172850678733033,4.86,0.11,1.252697763448448,221,3,14.341176470588236,40.0,-9.8,0.14027149321266968,0.7745683110125539
237,295.0,1.3849765258215962,4.99,0.11,1.13507942719888,213,1,14.86338028169014,39.5,-9.9,0.1267605633802817,0.8195658237063099
238,333.11,1.5280275229357798,4.93,0.1,1.2009467306796926,218,3,16.34816513761468,39.2,-9.9,0.12385321100917432,0.7859457455140133
239,255.43,1.3659358288770054,4.98,0.11,1.157678691541472,187,5,13.84438502673797,39.9,-9.8,0.11229946524064172,0.8475351967985565
240,293.93,1.4479310344827587,4.87,0.11,1.1888290499780434,203,5,16.542857142857144,39.8,-9.0,0.10837438423645321,0.8210536425187724
241,283.03,1.4896315789473682,4.94,0.11,1.2102587816554826,190,2,13.766315789473683,39.6,-10.0,0.14210526315789473,0.8124551055172304
242,265.57,1.3977368421052632,4.89,0.1,1.1246015798718643,190,4,14.910526315789474,39.7,-9.6,0.14210526315789473,0.8045874917183952
243,277.71999999999997,1.409746192893401,4.94,0.11,1.1587926671572315,197,5,13.822842639593908,39.9,-9.5,0.1319796954314721,0.8219867327883286
244,264.71,1.470611111111111,4.85,0.16,1.1718634179233154,180,5,15.77,39.9,-9.3,0.15555555555555556,0.796854728669853
245,304.57,1.4434597156398103,4.93,0.11,1.1359023566511481,211,5,13.84739336492891,39.9,-10.0,0.13744075829383887,0.7869304174849534
246,302.82,1.499108910891089,4.93,0.15,1.1019188140042442,202,3,16.025247524752476,39.6,-9.9,0.12871287128712872,0.7350492055638905
247,288.38,1.434726368159204,4.91,0.11,1.1521666762023817,201,1,15.239800995024874,40.0,-9.5,0.08955223880597014,0.8030567373489101
248,291.6,1.4953846153846155,4.69,0.11,1.1106500514903406,195,5,14.939487179487179,39.9,-10.0,0.1076923076923077,0.7427186558320178
249,291.45,1.4794416243654822,4.9,0.11,1.2470533403045334,197,5,15.063451776649746,39.7,-9.9,0.15228426395939088,0.8429216264882247
250,315.49,1.531504854368932,4.99,0.12,1.1397963735453154,206,5,14.159708737864078,39.5,-10.0,0.13592233009708737,0.7442329485889726
251,245.02,1.3688268156424581,4.82,0.13,1.1455788332092676,179,5,15.51564245810056,40.0,-9.7,0.11173184357541899,0.8369056042137739
252,272.47,1.4808152173913045,4.92,0.11,1.2693085285036863,184,3,15.135326086956523,39.0,-9.0,0.11956521739130435,0.8571687497510854
253,258.46,1.3603157894736841,4.89,0.12,1.1048014043870582,190,1,15.783157894736844,39.7,-9.7,0.12631578947368421,0.8121653905190013
254,278.79,1.5930857142857144,4.94,0.12,1.1773649072376606,175,3,14.656,39.8,-9.8,0.11428571428571428,0.7390468050022978
255,281.37,1.435561224489796,4.99,0.1,1.0869907608535858,196,5,15.948979591836734,39.6,-9.3,0.15306122448979592,0.7571887163780887
256,338.67,1.652048780487805,5.0,0.1,1.2763499956259214,205,1,14.992682926829268,39.4,-9.9,0.08292682926829269,0.7725861431579824
257,326.6,1.5701923076923079,4.84,0.11,1.2415402470565806,208,4,15.65625,39.8,-9.4,0.14903846153846154,0.7906931150880855
258,286.41,1.43205,4.99,0.12,1.2210553543521112,200,1,14.8735,39.8,-9.8,0.115,0.8526625148228841
259,302.14,1.481078431372549,4.96,0.1,1.1161121002924403,204,5,15.665686274509804,39.7,-10.0,0.10294117647058823,0.7535806859722574
260,352.41,1.6018636363636365,4.96,0.12,1.2436621718772374,220,5,16.542727272727273,39.8,-8.6,0.12272727272727273,0.7763845458783581
261,353.61,1.5176394849785408,4.89,0.11,1.1867337849599007,233,3,15.46137339055794,39.9,-9.9,0.13304721030042918,0.7819602723216449
262,323.01,1.4549999999999998,4.96,0.11,1.1670920469928012,222,1,15.304954954954955,39.6,-9.1,0.15765765765765766,0.8021251182081109
263,316.04,1.5341747572815534,4.98,0.1,1.1793293044503335,206,1,13.647087378640778,40.0,-9.9,0.1407766990291262,0.7687059761953192
264,327.56,1.646030150753769,4.92,0.12,1.2711860440872933,199,5,14.35175879396985,39.9,-9.9,0.1306532663316583,0.7722738514268267
265,261.02,1.388404255319149,4.99,0.11,1.092427315651616,188,5,15.001063829787233,39.9,-10.0,0.13297872340425532,0.786822218000551
266,289.21,1.4317326732673266,4.97,0.11,1.1539042390326393,202,3,14.316831683168317,39.9,-10.0,0.1485148514851485,0.8059495048047894
267,286.61,1.4548730964467005,4.89,0.11,1.1411422889408842,197,3,14.611167512690356,39.9,-9.9,0.12690355329949238,0.7843586438761878
268,322.86,1.6388832487309646,4.97,0.16,1.2222677867071705,197,2,15.908121827411168,39.9,-9.9,0.14213197969543148,0.7457930805343262
269,314.27,1.4482488479262672,5.0,0.11,1.2273351412304343,217,3,16.099078341013826,40.0,-9.4,0.14285714285714285,0.8474615001336566
270,303.45,1.4588942307692307,4.77,0.16,1.1346391575052979,208,2,14.232692307692307,39.8,-10.0,0.11538461538461539,0.777739148990285
271,313.02,1.5121739130434781,4.9,0.15,1.1465057122614812,207,5,14.926570048309179,39.9,-9.2,0.10628019323671498,0.7581837660153556
272,315.56,1.5244444444444445,5.0,0.1,1.2341934812188338,207,5,14.40144927536232,39.8,-9.7,0.0966183574879227,0.8096021378257655
273,351.29,1.5682589285714286,4.92,0.1,1.2646983741186664,224,4,14.186160714285714,39.8,-10.0,0.13839285714285715,0.8064346716461649
274,329.76,1.6570854271356783,4.86,0.11,1.2015303994265623,199,2,16.329145728643216,39.9,-9.2,0.10552763819095477,0.7250865765583634
275,310.98,1.4738388625592418,4.99,0.1,1.2185948006604967,211,4,13.128909952606634,39.8,-9.9,0.10900473933649289,0.8268168465475748
276,308.95,1.492512077294686,4.92,0.1,1.1434547671268336,207,4,15.62463768115942,39.6,-9.9,0.10628019323671498,0.7661276478240963
277,302.55,1.6442934782608696,4.94,0.1,1.192479870383022,184,4,17.13641304347826,40.0,-9.5,0.125,0.7252232561575807
278,303.8,1.474757281553398,4.96,0.12,1.1658932258020502,206,3,16.626699029126215,40.0,-9.8,0.15048543689320387,0.7905661768111335
279,315.39,1.5691044776119403,4.98,0.11,1.2115201995962963,201,5,12.854228855721392,39.9,-10.0,0.13432835820895522,0.7721093253395972
280,303.42,1.4380094786729858,4.88,0.11,1.1659420143652548,211,3,16.025592417061613,39.6,-9.6,0.0995260663507109,0.8108027322888035
281,284.88,1.4387878787878787,4.91,0.1,1.103007216315103,198,3,14.131818181818181,39.8,-9.8,0.1414141414141414,0.7666225387194271
282,304.26,1.4841951219512195,4.93,0.13,1.2058984775723791,205,3,16.096097560975608,39.9,-9.3,0.12195121951219512,0.8124932225804828
283,266.4,1.4718232044198893,5.0,0.11,1.1384650932591982,181,4,14.429834254143648,39.4,-9.4,0.143646408839779,0.7735066887384193
284,312.59,1.4338990825688072,4.85,0.13,1.1406938340100128,218,5,14.36788990825688,39.8,-9.7,0.11467889908256881,0.795518909159547
285,285.96,1.571208791208791,4.92,0.12,1.2327446224712075,182,2,15.073076923076924,39.7,-9.9,0.12087912087912088,0.7845835826330948
286,308.71,1.470047619047619,4.98,0.1,1.153859551137089,210,5,14.975714285714286,39.8,-10.0,0.12380952380952381,0.784913043758831
287,252.75,1.3302631578947368,4.85,0.1,1.0183441452212396,190,2,15.317894736842106,39.9,-9.9,0.13157894736842105,0.7655208213334739
288,289.55,1.4263546798029558,4.96,0.11,1.1779036220703318,203,2,15.370935960591133,39.9,-9.9,0.08866995073891626,0.8258139709213516
289,323.2,1.539047619047619,4.89,0.11,1.2164718958199008,210,5,14.18142857142857,40.0,-10.0,0.10952380952380952,0.7904056253780296
290,372.72,1.5996566523605151,4.99,0.1,1.283406318418289,233,2,15.841630901287553,39.7,-10.0,0.11587982832618025,0.8023011166330256
291,261.3,1.4762711864406781,4.95,0.15,1.2399137135095941,177,1,15.467796610169492,39.6,-9.2,0.12429378531073447,0.8398956268319867
292,223.64000000000001,1.2779428571428573,4.85,0.12,1.1455848765410648,175,1,14.818285714285713,39.8,-9.7,0.14285714285714285,0.8964288740595883
293,278.44,1.546888888888889,4.97,0.21,1.165370101563821,180,5,15.65111111111111,39.8,-10.0,0.08888888888888889,0.7533638064986631
294,304.44,1.4707246376811594,4.83,0.13,1.1962785971753986,207,3,15.378260869565219,39.9,-9.8,0.08695652173913043,0.8133940008386136
295,283.48,1.446326530612245,4.95,0.12,1.1356515245173895,196,2,15.746938775510204,39.6,-9.9,0.09183673469387756,0.7851971878277421
296,291.33,1.442227722772277,4.97,0.11,1.1847129457403338,202,3,14.253960396039606,39.9,-9.6,0.10891089108910891,0.821446521262992
297,297.95,1.6281420765027321,4.99,0.12,1.351104896461344,183,2,14.302732240437159,40.0,-9.9,0.09289617486338798,0.8298445915503472
298,296.26,1.424326923076923,4.59,0.1,0.9899907425742714,208,3,15.077403846153846,39.9,-9.9,0.10576923076923077,0.69505864597127
299,297.12,1.5082233502538072,4.99,0.1,1.232150679421524,197,1,14.221827411167512,39.9,-10.0,0.12690355329949238,0.8169550479470928
300,285.31,1.3985784313725491,4.97,0.13,1.1186213536020455,204,5,14.67156862745098,39.9,-9.8,0.13725490196078433,0.7998274022460385
301,266.96,1.5168181818181816,4.98,0.12,1.1684246248244272,176,3,14.309659090909092,39.4,-9.6,0.10227272727272728,0.7703129081851184
302,300.79,1.6710555555555557,5.0,0.2,1.3172374584849922,180,4,14.357222222222223,39.5,-9.9,0.18333333333333332,0.7882667060982698
303,305.81,1.4702403846153846,4.89,0.12,1.1420832054698455,208,4,15.55,40.0,-10.0,0.14423076923076922,0.7768003228727899
304,281.09,1.471675392670157,4.56,0.12,1.0308664313763742,191,3,14.532460732984292,39.4,-9.7,0.10471204188481675,0.7004713379803177
305,311.78,1.4236529680365295,4.88,0.13,1.1780521117925764,219,2,14.591780821917808,39.8,-9.9,0.1141552511415525,0.8274854464127727
306,336.61,1.414327731092437,4.78,0.11,1.1033352628579023,238,2,14.65294117647059,39.1,-9.7,0.13025210084033614,0.7801128681862712
307,289.26,1.460909090909091,4.74,0.11,1.1864562179768032,198,5,13.673232323232325,39.9,-9.9,0.13636363636363635,0.8121355567980607
308,315.44,1.4809389671361501,4.99,0.1,1.08690970144148,213,2,15.222535211267607,39.6,-9.5,0.13615023474178403,0.7339328126015573
309,251.42000000000002,1.5237575757575759,4.75,0.13,1.0865897376403417,165,2,12.980606060606062,39.6,-9.5,0.11515151515151516,0.7130988255137076
310,311.28,1.4614084507042253,4.97,0.1,1.1520039501881074,213,5,16.42112676056338,39.5,-10.0,0.12206572769953052,0.7882833506491483
311,276.33,1.5351666666666666,4.95,0.14,1.2243486353998956,180,5,14.837777777777779,39.9,-10.0,0.11666666666666667,0.7975346664205161
312,252.38,1.3716304347826087,4.86,0.1,1.169393637814726,184,4,14.071739130434782,39.3,-10.0,0.15217391304347827,0.8525573712572692
313,308.59,1.4694761904761904,4.94,0.12,1.1639419952600372,210,3,15.633333333333333,40.0,-9.6,0.11428571428571428,0.792079519766058
314,273.24,1.476972972972973,4.89,0.1,1.1376231535455672,185,4,14.305405405405406,39.4,-9.8,0.1783783783783784,0.7702396552698357
315,314.87,1.4713551401869158,4.98,0.14,1.1507207519073286,214,1,14.09626168224299,39.1,-9.3,0.08411214953271028,0.7820822590534771
316,286.92,1.4203960396039605,4.94,0.13,1.1372603204201526,202,4,14.157920792079208,39.7,-9.8,0.18811881188118812,0.8006642434297742
317,311.78000000000003,1.5434653465346535,4.92,0.14,1.2189396220796782,202,3,14.218811881188119,39.9,-9.8,0.12871287128712872,0.7897421375973283
318,272.78,1.5154444444444444,4.54,0.1,1.0787942380591038,180,1,16.77722222222222,40.0,-9.5,0.17222222222222222,0.7118665695822226
319,326.77,1.512824074074074,4.96,0.11,1.217777956074696,216,2,15.073611111111111,39.4,-9.1,0.16203703703703703,0.80496997433098
320,287.47,1.409166666666667,4.98,0.11,1.1956933358374855,204,3,17.7921568627451,39.9,-10.0,0.15196078431372548,0.848510942049073
321,330.13,1.6673232323232323,5.0,0.1,1.33257599722925,198,5,14.247474747474747,39.9,-9.9,0.10101010101010101,0.7992307498603323
322,324.14,1.573495145631068,4.91,0.13,1.246006075025603,206,2,13.255825242718446,39.6,-9.6,0.1407766990291262,0.7918715723307035
323,286.06,1.5055789473684211,4.99,0.11,1.1875217320557576,190,3,14.496842105263159,38.8,-9.8,0.06315789473684211,0.7887475672606933
324,370.5,1.7394366197183098,4.98,0.1,1.3608219845219771,213,5,15.714084507042253,39.9,-9.7,0.13145539906103287,0.7823349060814606
325,263.95,1.3892105263157895,4.97,0.13,1.1382353872174278,190,4,15.837894736842104,40.0,-9.8,0.13157894736842105,0.8193397369627251
326,315.31,1.487311320754717,4.98,0.14,1.1595504265531427,212,2,13.480188679245284,39.7,-9.9,0.10849056603773585,0.7796285891004606
327,353.72,1.4924894514767935,4.89,0.11,1.1413470171947895,237,3,13.745569620253164,40.0,-9.9,0.08438818565400844,0.7647270244124309
328,263.95,1.4039893617021275,4.9,0.1,1.1717779990384725,188,1,16.98031914893617,39.9,-9.7,0.10638297872340426,0.8346060383376883
329,328.73,1.5218981481481482,4.99,0.11,1.2159401028685572,216,1,14.844907407407407,39.8,-9.7,0.11574074074074074,0.7989628638080137
330,277.17,1.5398333333333334,4.99,0.12,1.259092284103222,180,5,15.085,40.0,-9.7,0.1,0.8176808858771871
331,309.94,1.4972946859903382,4.94,0.12,1.2050824510005482,207,2,15.402898550724638,40.0,-9.7,0.17391304347826086,0.8048398637062447
332,332.55,1.4714601769911504,4.9,0.1,1.2222598707887014,226,4,15.317256637168141,39.8,-9.8,0.1504424778761062,0.8306442062794963
333,291.21999999999997,1.4708080808080806,4.88,0.11,1.1165775998935832,198,3,14.787373737373738,40.0,-9.9,0.09090909090909091,0.7591592774497957
334,308.9,1.529207920792079,4.94,0.11,1.2336280539365732,202,1,14.291584158415843,39.3,-9.8,0.1188118811881188,0.8067104787801483
335,306.74,1.614421052631579,5.0,0.11,1.168275277220213,190,5,16.197894736842105,39.9,-9.7,0.16842105263157894,0.7236496794413525
336,276.66,1.5201098901098902,4.98,0.11,1.169039833155336,182,1,15.551648351648351,39.8,-9.8,0.15384615384615385,0.7690495540890304
337,314.16,1.4960000000000002,4.97,0.12,1.1831966270967835,210,1,15.896666666666668,39.9,-9.9,0.1,0.7909068362946413
338,282.08,1.5084491978609624,4.92,0.11,1.1537919024354855,187,5,14.97005347593583,39.7,-9.8,0.13368983957219252,0.7648861519974326
339,309.98,1.5269950738916258,4.97,0.12,1.2299763883169454,203,1,15.672906403940885,39.6,-9.2,0.10837438423645321,0.805488118034518
340,275.01,1.5027868852459016,4.98,0.1,1.2217531060466968,183,1,15.991256830601094,39.6,-9.9,0.12021857923497267,0.8129915945112742
341,337.5,1.5202702702702702,4.98,0.13,1.224721934982048,222,3,12.758558558558558,38.6,-10.0,0.10810810810810811,0.8055948727881916
342,266.54,1.3882291666666668,4.86,0.1,1.037859249394266,192,2,14.009375,39.4,-9.9,0.15104166666666666,0.7476137761075224
343,289.44,1.5730434782608695,5.0,0.11,1.228899938240946,184,4,15.490217391304347,39.7,-9.7,0.15217391304347827,0.7812243941277435
344,303.9,1.5426395939086293,4.96,0.11,1.1624978108629105,197,2,15.781218274111676,39.8,-9.7,0.116751269035533,0.7535770606778328
345,353.11,1.5834529147982064,4.98,0.13,1.2175489357973606,223,1,15.672645739910314,40.0,-9.9,0.13901345291479822,0.7689202024377996
346,280.89,1.494095744680851,4.95,0.13,1.2464107748495032,188,5,14.977659574468086,38.7,-9.8,0.11702127659574468,0.8342241648748856
347,238.76,1.520764331210191,4.83,0.15,1.2082332627357688,157,3,13.527388535031848,39.9,-10.0,0.10191082802547771,0.794490795147913
348,290.18,1.4018357487922706,4.97,0.11,1.2033874163632643,207,1,13.9743961352657,39.9,-10.0,0.08695652173913043,0.858436815725397
349,293.21999999999997,1.4661,4.97,0.1,1.2074637191923532,200,5,16.0385,39.8,-9.5,0.13,0.8235889224420935
350,274.16,1.420518134715026,4.95,0.11,1.1494929774201188,193,5,14.516062176165804,39.4,-9.5,0.09326424870466321,0.8092068304715601
351,297.33,1.54859375,4.98,0.12,1.245734755142586,192,4,16.7,39.9,-9.7,0.09375,0.8044296673304964
352,338.25,1.580607476635514,4.99,0.1,1.1812697493751831,214,3,15.961682242990655,39.9,-10.0,0.12149532710280374,0.7473517409202932
353,275.67,1.3382038834951457,4.98,0.1,1.1344491205026497,206,3,15.070388349514563,39.9,-9.9,0.16019417475728157,0.84774011979376
354,271.77,1.4379365079365078,4.82,0.11,1.0855675426081677,189,2,14.21957671957672,39.6,-10.0,0.10052910052910052,0.754948175122139
355,302.49,1.4473205741626796,5.0,0.1,1.2137610403552601,209,5,14.901913875598087,39.9,-10.0,0.16267942583732056,0.838626260154879
356,272.43,1.4646774193548386,4.81,0.11,1.2053870762072065,186,1,15.213440860215053,39.5,-9.5,0.15591397849462366,0.8229710243898999
357,294.5,1.5833333333333333,4.96,0.15,1.2246220229520206,186,4,14.229569892473117,40.0,-9.7,0.12365591397849462,0.7734454881802236
358,274.28,1.4360209424083767,4.93,0.12,1.1609596210309687,191,3,13.90994764397906,39.8,-9.4,0.13612565445026178,0.808455912268175
359,286.55,1.4924479166666667,4.91,0.11,1.1735575962977263,192,1,14.508333333333333,39.9,-10.0,0.11979166666666667,0.7863306874512771
360,321.47,1.4882870370370371,5.0,0.11,1.1085126557347924,216,2,16.240277777777777,39.8,-9.7,0.125,0.7448245050509072
361,264.24,1.4283243243243244,4.97,0.11,1.1292744413149916,185,5,15.997837837837837,40.0,-10.0,0.12972972972972974,0.7906288663460241
362,320.88,1.5501449275362318,4.95,0.13,1.2776371844191736,207,1,16.47391304347826,39.4,-9.8,0.13043478260869565,0.8242049899487938
363,238.32,1.3464406779661016,4.95,0.11,1.076152283144779,177,2,13.610169491525424,39.7,-9.7,0.11299435028248588,0.7992571085793299
364,269.86,1.559884393063584,5.0,0.1,1.2345284329142088,173,2,14.719075144508672,39.9,-9.6,0.16184971098265896,0.7914230300680283
365,254.92000000000002,1.4162222222222223,4.89,0.11,1.1648224529899172,180,3,14.458888888888888,39.5,-9.2,0.1,0.8224856485885182
366,281.56,1.5555801104972375,4.98,0.13,1.2845592934033354,181,1,16.72099447513812,39.8,-10.0,0.09944751381215469,0.8257750820642269
367,281.68,1.556243093922652,5.0,0.13,1.2155073136209138,181,4,12.742541436464089,39.3,-9.9,0.11602209944751381,0.7810523422514393
368,340.54,1.4741991341991343,4.98,0.11,1.2012693048529357,231,2,15.412987012987013,39.7,-9.9,0.11688311688311688,0.8148623052241385
369,350.4,1.5855203619909501,4.97,0.14,1.2285617333036425,221,2,15.165610859728506,39.6,-9.9,0.14479638009049775,0.7748634219751855
370,284.39,1.4584102564102563,4.98,0.13,1.1871659208407233,195,1,14.583589743589744,39.5,-9.3,0.09743589743589744,0.8140136944475581
371,312.18,1.5766666666666667,4.9,0.12,1.340854716424705,198,1,15.885858585858585,39.9,-10.0,0.09595959595959595,0.8504363951953732
372,320.03000000000003,1.4415765765765767,5.0,0.11,1.1154082267085188,222,4,13.992342342342344,39.9,-10.0,0.10810810810810811,0.773741918974131
373,352.11,1.5580088495575222,4.98,0.11,1.284242628481949,226,2,15.694690265486726,39.8,-9.9,0.12831858407079647,0.8242845532274586
374,322.76,1.582156862745098,4.98,0.13,1.2380714602922198,204,4,14.792156862745097,39.7,-9.9,0.14705882352941177,0.7825213096406397
375,281.64,1.4082,4.91,0.11,1.1190375261467431,200,1,14.646500000000001,39.9,-9.9,0.13,0.7946580927046891
376,301.17,1.601968085106383,4.82,0.11,1.2503102755205402,188,1,14.689361702127659,39.6,-10.0,0.10106382978723404,0.7804838855060648
377,308.17,1.495970873786408,4.99,0.1,1.207018814542557,206,1,13.922330097087379,39.9,-10.0,0.10194174757281553,0.8068464671959202
378,292.22,1.4833502538071068,4.96,0.11,1.24330121137501,197,2,16.260913705583757,39.9,-9.9,0.1116751269035533,0.8381710308701558
379,369.95,1.6369469026548673,4.78,0.11,1.181674505592865,226,5,14.385398230088494,39.6,-9.7,0.09734513274336283,0.7218771138369712
380,248.18,1.3271657754010695,4.76,0.11,0.9883335541740199,187,1,17.203208556149733,39.8,-9.7,0.11229946524064172,0.7446948772283896
381,258.76,1.326974358974359,4.7,0.13,1.143719548908579,195,5,16.534871794871794,40.0,-9.7,0.15384615384615385,0.861900262935434
382,310.28000000000003,1.6416931216931219,4.96,0.16,1.2329390120571406,189,2,14.503703703703703,39.8,-9.9,0.1164021164021164,0.7510167373946098
383,301.47,1.5225757575757577,5.0,0.11,1.2624261276344824,198,1,15.491414141414142,39.9,-9.6,0.09595959595959595,0.8291384657565511
384,264.65,1.40026455026455,4.98,0.14,1.0763706916351354,189,5,13.947619047619048,40.0,-9.8,0.1164021164021164,0.7686909530286817
385,329.25,1.5313953488372094,4.89,0.1,1.1518805862696857,215,5,14.293488372093023,39.8,-9.5,0.14883720930232558,0.7521771482095138
386,297.01,1.463103448275862,4.99,0.13,1.0510248294953708,203,2,13.758620689655173,39.9,-9.9,0.10837438423645321,0.7183530533906611
387,331.1,1.5544600938967137,4.77,0.12,1.159772795964141,213,5,15.624882629107981,40.0,-9.7,0.1267605633802817,0.7460936440361282
388,321.28,1.614472361809045,4.93,0.14,1.2744924115351002,199,2,15.782914572864323,39.8,-9.8,0.08542713567839195,0.7894172992264845
389,247.63,1.3171808510638299,4.99,0.14,1.1009689603299302,188,3,13.569148936170214,39.8,-9.4,0.15425531914893617,0.8358525402496744
390,298.14,1.3997183098591548,4.88,0.11,1.1191581722955868,213,4,16.39154929577465,39.9,-10.0,0.11737089201877934,0.7995595716742471
391,300.83,1.5041499999999999,4.93,0.11,1.1689153489302917,200,3,13.154000000000002,39.9,-10.0,0.115,0.7771268483397877
392,287.61,1.4599492385786803,4.83,0.14,1.0607917227442831,197,5,14.591370558375635,39.7,-8.5,0.07106598984771574,0.7265949354355682
393,280.86,1.577865168539326,5.0,0.13,1.2082676321839072,178,5,15.32865168539326,39.8,-9.8,0.12359550561797752,0.7657610144867032
394,318.64,1.4161777777777778,4.88,0.1,1.1021316863098776,225,1,14.840444444444444,39.7,-9.8,0.13777777777777778,0.7782438784199174
395,245.03,1.4163583815028902,4.86,0.11,1.0741936017644975,173,5,14.435838150289017,39.4,-9.7,0.14450867052023122,0.7584193490807577
396,274.55,1.407948717948718,4.97,0.11,1.1764391920598054,195,5,14.495897435897435,40.0,-9.8,0.1282051282051282,0.8355696319492335
397,288.13,1.5408021390374331,4.98,0.12,1.210507268766832,187,1,16.00802139037433,39.9,-9.6,0.11229946524064172,0.7856344679811113
398,279.96,1.5051612903225806,4.88,0.11,1.1686745672406338,186,2,15.818279569892471,39.7,-8.7,0.13978494623655913,0.7764447403441845
399,292.71,1.52453125,4.91,0.12,1.1764543362583382,192,3,15.678125,39.9,-9.9,0.09895833333333333,0.7716826639390555
400,301.57,1.3961574074074075,4.96,0.14,1.0947755650809732,216,4,13.924537037037036,39.8,-9.9,0.14351851851851852,0.7841347682378559
401,344.21,1.6009767441860465,4.99,0.16,1.2312760171049226,215,3,14.811627906976744,39.5,-10.0,0.11162790697674418,0.7690780153904836
402,309.37,1.6197382198952879,4.98,0.13,1.214012240706074,191,1,14.651832460732985,39.9,-9.8,0.16230366492146597,0.749511387577529
403,299.97,1.4923880597014927,4.98,0.15,1.1327317725996373,201,1,13.905970149253731,39.4,-10.0,0.0845771144278607,0.759006188260583
404,276.16,1.5602259887005652,4.99,0.16,1.231991161237046,177,1,15.003389830508475,39.9,-9.8,0.12994350282485875,0.7896235354104763
405,251.13,1.3429411764705883,4.33,0.12,0.9724972906862811,187,5,17.198395721925134,39.9,-9.5,0.11229946524064172,0.7241547937655181
406,256.43,1.4406179775280898,4.95,0.1,1.1191295851578351,178,5,16.875280898876404,39.9,-9.9,0.10112359550561797,0.7768399413410859
407,298.03000000000003,1.5852659574468086,4.94,0.13,1.1016343879029504,188,3,15.670744680851064,39.8,-9.6,0.17553191489361702,0.6949208634223222
408,311.41,1.6135233160621762,4.99,0.11,1.2430590713728291,193,5,13.275647668393782,39.4,-10.0,0.10880829015544041,0.7704004392118301
409,283.66,1.4697409326424873,4.91,0.14,1.107450354057106,193,1,16.3419689119171,39.9,-9.7,0.10362694300518134,0.7535003819115187
410,302.0,1.51,4.83,0.1,1.1656175709073884,200,2,14.52,40.0,-10.0,0.095,0.7719321661638333
411,316.62,1.4198206278026906,4.94,0.1,1.1075656953348127,223,1,13.091928251121077,39.4,-9.7,0.11659192825112108,0.7800743795706627
412,334.09,1.5833649289099525,4.9,0.11,1.2533283514980915,211,4,15.149289099526067,40.0,-9.7,0.14691943127962084,0.7915600052862921
413,347.76,1.587945205479452,4.95,0.12,1.2271301930705056,219,1,15.168949771689498,39.1,-9.8,0.1278538812785388,0.7727786757604116
414,310.01,1.55005,4.93,0.11,1.2674857387718217,200,2,16.331500000000002,40.0,-9.9,0.11,0.8177063570670764
415,255.9,1.4964912280701754,4.95,0.12,1.1990130616392065,171,3,12.639181286549709,39.9,-9.8,0.09941520467836257,0.80121623110709
416,305.46,1.5745360824742267,4.96,0.13,1.1323170985393962,194,3,16.71958762886598,39.0,-9.9,0.10824742268041238,0.7191433153821871
417,268.53,1.6474233128834355,4.87,0.1,1.262953421307146,163,1,14.157668711656441,39.2,-9.2,0.15950920245398773,0.7666234970880901
418,285.87,1.4437878787878788,4.94,0.11,1.0606201114282323,198,2,15.089393939393938,39.5,-9.8,0.11616161616161616,0.7346093751103299
419,285.25,1.5418918918918918,4.93,0.1,1.2794373717572574,185,3,16.631351351351352,40.0,-9.7,0.14594594594594595,0.8297840973710522
420,312.8,1.511111111111111,4.87,0.1,1.1960713287746343,207,1,13.931400966183576,39.6,-9.9,0.13526570048309178,0.791517791100861
421,305.04,1.5252000000000001,4.91,0.11,1.2560210605410298,200,3,16.7765,39.9,-9.8,0.09,0.8235123659461249
422,305.71999999999997,1.5840414507772018,4.95,0.13,1.1602510676312905,193,1,16.29378238341969,39.9,-9.8,0.08290155440414508,0.7324625672276563
423,375.8,1.6702222222222223,4.99,0.16,1.268985620079382,225,2,15.82,39.6,-10.0,0.13333333333333333,0.7597705282540207
424,286.21,1.43105,4.82,0.11,1.1731735071546097,200,4,15.2205,39.6,-9.9,0.105,0.819799103563544
425,372.84,1.6210434782608694,4.92,0.13,1.2023702021028628,230,2,14.222608695652173,39.8,-9.9,0.13478260869565217,0.7417260660971422
426,288.37,1.5097905759162304,4.87,0.1,1.1694627457963145,191,3,14.807329842931937,39.8,-10.0,0.16230366492146597,0.7745860680621981
427,243.65,1.4002873563218392,4.98,0.12,1.1622608166699853,174,2,14.142528735632185,39.7,-10.0,0.16091954022988506,0.8300159331031292
428,301.27,1.4414832535885167,4.83,0.1,1.1441520209631142,209,2,14.097607655502392,39.4,-9.9,0.11961722488038277,0.7937324406057387
429,291.42,1.5178125,4.83,0.12,1.1779054114728242,192,1,15.264583333333334,39.9,-9.7,0.15625,0.7760546256357911
430,314.11,1.5473399014778326,4.98,0.1,1.2564825245064448,203,1,14.760098522167489,39.7,-9.9,0.12315270935960591,0.8120274823304202
431,287.96999999999997,1.4617766497461928,5.0,0.11,1.1240285560243146,197,3,15.43451776649746,40.0,-9.2,0.116751269035533,0.7689468539666979
432,236.14000000000001,1.3341242937853108,4.83,0.11,1.1517607303245856,177,2,13.010169491525424,40.0,-9.7,0.12429378531073447,0.8633084156324707
433,322.29,1.534714285714286,4.92,0.12,1.241500159182224,210,5,14.528095238095238,39.8,-9.9,0.12857142857142856,0.8089454634902323
434,309.97,1.4621226415094342,4.98,0.12,1.0550212702227255,212,2,14.605660377358491,39.8,-9.9,0.1179245283018868,0.7215682462406613
435,298.24,1.3618264840182648,4.89,0.11,1.0850063826946088,219,4,15.218721461187215,39.4,-10.0,0.1141552511415525,0.7967288016701963
436,310.65,1.5227941176470587,4.91,0.12,1.161743439608168,204,5,16.473039215686274,39.9,-9.5,0.11764705882352941,0.7629025001772616
437,296.88,1.5961290322580646,4.92,0.11,1.2186097814628343,186,1,15.546236559139784,40.0,-10.0,0.10752688172043011,0.7634782381840716
438,268.13,1.3541919191919192,4.9,0.1,1.0051648871153922,198,2,15.808080808080808,39.9,-9.7,0.1414141414141414,0.7422617672354741
439,275.29,1.3974111675126906,4.96,0.12,1.124879085782002,197,2,15.059898477157361,39.3,-9.8,0.13705583756345177,0.8049735911186543
440,312.67,1.5555721393034827,4.94,0.12,1.1491826643401388,201,3,14.062189054726367,39.8,-9.9,0.12935323383084577,0.7387524083934113
441,348.24,1.66622009569378,4.99,0.1,1.2151525582356029,209,2,15.564593301435407,39.8,-8.5,0.11961722488038277,0.7292869419688749
442,298.69,1.4641666666666666,4.81,0.19,1.1962642143805662,204,5,15.53970588235294,39.9,-9.2,0.09803921568627451,0.8170273518820031
443,305.06,1.473719806763285,4.96,0.1,1.159395213426581,207,5,13.971980676328501,40.0,-9.9,0.14492753623188406,0.7867134635130868
444,276.93,1.44234375,4.89,0.13,1.0887257677889524,192,5,14.891666666666666,39.6,-9.8,0.11458333333333333,0.7548309948921347
445,305.82,1.4845631067961165,4.99,0.11,1.1307060403379128,206,1,15.927184466019417,39.9,-9.9,0.13106796116504854,0.7616422873246028
446,310.98,1.495096153846154,5.0,0.11,1.1267524152193003,208,4,14.690865384615384,39.4,-9.9,0.13942307692307693,0.7536320739777942
447,307.12,1.551111111111111,4.89,0.11,1.2654774896977639,198,2,15.033838383838383,39.9,-9.9,0.1111111111111111,0.8158522498051486
448,267.29,1.3994240837696337,4.69,0.12,1.1004626698018638,191,2,15.839790575916231,39.8,-9.8,0.1099476439790576,0.7863682514578022
449,302.86,1.4993069306930693,4.86,0.11,1.177183803116525,202,2,14.88019801980198,39.5,-9.8,0.12871287128712872,0.7851519785694315
450,301.52,1.5542268041237113,4.97,0.11,1.3199606172893625,194,3,14.422680412371134,39.7,-9.9,0.13917525773195877,0.8492715566268783
451,288.0,1.5078534031413613,5.0,0.15,1.1462502250365112,191,2,13.787434554973823,39.9,-9.5,0.1099476439790576,0.7601867811874085
452,321.75,1.546875,4.99,0.11,1.2808878803694308,208,3,13.75048076923077,38.7,-9.9,0.13942307692307693,0.8280487307438744
453,265.93,1.5735502958579881,4.93,0.14,1.193556285261077,169,5,13.636686390532544,39.9,-9.8,0.17159763313609466,0.7585116843121198
454,348.86,1.5574107142857143,4.99,0.1,1.1635871130133697,224,2,14.745089285714286,39.6,-9.6,0.13392857142857142,0.7471292590580599
455,391.5,1.6045081967213115,4.99,0.11,1.1954492603573421,244,1,15.659016393442624,39.9,-9.9,0.12295081967213115,0.745056499430885
456,294.28000000000003,1.4496551724137932,4.87,0.11,1.1974169308339793,203,4,15.200492610837438,39.7,-9.7,0.1625615763546798,0.8260012129920409
457,300.17,1.5552849740932644,4.72,0.1,1.1804925025493085,193,4,14.041968911917097,39.7,-9.6,0.11917098445595854,0.7590200652697355
458,283.32,1.475625,4.89,0.11,1.147596452504558,192,1,14.3921875,39.9,-9.9,0.11979166666666667,0.7777019584952533
459,262.04,1.3864550264550266,4.98,0.17,1.1234888784205685,189,4,17.027513227513225,39.8,-9.6,0.10582010582010581,0.8103320028296727
460,309.14,1.5456999999999999,4.99,0.11,1.3001385739827074,200,5,15.585999999999999,40.0,-10.0,0.1,0.8411325444670424
461,278.59,1.3589756097560974,4.94,0.11,1.1672669706518513,205,4,16.39512195121951,39.9,-9.8,0.11219512195121951,0.858931508609891
462,288.94,1.4375124378109452,4.99,0.14,1.1638095982997079,201,3,13.153731343283583,39.3,-9.9,0.12935323383084577,0.8095996721057704
463,285.25,1.4051724137931034,4.99,0.1,1.086664596540187,203,4,14.791625615763547,39.0,-9.9,0.15270935960591134,0.773331860114489
464,254.21,1.3036410256410256,4.67,0.1,0.9931723484733845,195,3,13.172307692307692,39.9,-9.9,0.13846153846153847,0.7618449626384092
465,317.05,1.5695544554455445,5.0,0.12,1.2924700789496253,202,4,15.243564356435643,39.2,-9.8,0.09405940594059406,0.8234630372112421
466,307.01,1.408302752293578,4.73,0.12,1.1410640034600994,218,2,14.013302752293578,39.9,-9.8,0.12844036697247707,0.810240554881931
467,287.15999999999997,1.4357999999999997,4.88,0.11,1.076900615039924,200,2,15.3,39.9,-10.0,0.105,0.7500352521520576
468,267.65,1.4546195652173912,4.61,0.12,1.0446302281165771,184,2,15.609782608695651,39.7,-9.8,0.14673913043478262,0.7181466914756219
469,294.42,1.557777777777778,4.91,0.12,1.2730572739256607,189,3,15.22910052910053,39.5,-9.9,0.12698412698412698,0.8172264953873712
470,304.8,1.508910891089109,4.94,0.15,1.201860830007645,202,3,15.263366336633663,39.8,-10.0,0.09900990099009901,0.7965088177872188
471,311.72,1.4566355140186917,4.98,0.12,1.2466985087384124,214,1,16.27710280373832,39.4,-9.9,0.11682242990654206,0.8558754037919294
472,307.63,1.4176497695852535,4.8,0.1,1.1510854406105542,217,5,14.513824884792626,39.6,-9.9,0.0967741935483871,0.8119674303952483
473,300.58,1.391574074074074,4.89,0.14,1.107178405856295,216,3,15.899537037037037,39.9,-9.2,0.12962962962962962,0.7956302337645875
474,283.44,1.4535384615384614,4.96,0.1,1.2550838031360805,195,4,15.228205128205127,39.9,-9.8,0.1282051282051282,0.863467900125373
475,336.96,1.589433962264151,4.97,0.11,1.2158131327705757,212,5,15.139150943396226,40.0,-9.8,0.1179245283018868,0.7649346633053242
476,312.96,1.4902857142857142,4.97,0.12,1.2230622460405185,210,4,14.942857142857143,39.9,-9.9,0.13333333333333333,0.8206897739919123
477,252.99,1.4212921348314607,4.92,0.11,1.200968071871731,178,3,14.043820224719102,39.9,-10.0,0.1797752808988764,0.8449832672958145
478,309.43,1.6200523560209426,5.0,0.11,1.2516092787759705,191,2,13.282722513089006,39.9,-9.8,0.07853403141361257,0.7725733517959161
479,326.14,1.5383962264150943,5.0,0.12,1.1608777826054,212,2,15.866037735849057,39.7,-9.6,0.10849056603773585,0.7546025937092806
480,231.7,1.4481249999999999,4.82,0.12,1.211505735767991,160,3,12.620000000000001,40.0,-9.6,0.08125,0.8366030113201492
481,341.41,1.625761904761905,4.96,0.14,1.2890657721966658,210,2,15.661428571428571,40.0,-9.5,0.11428571428571428,0.7928994820342105
482,313.93,1.5313658536585366,5.0,0.16,1.2525315885042025,205,5,14.016097560975611,40.0,-9.7,0.12195121951219512,0.8179179296128485
483,319.48,1.5286124401913876,4.95,0.1,1.175624828973233,209,5,15.830622009569378,39.9,-10.0,0.1339712918660287,0.7690797209697185
484,275.69,1.4284455958549223,4.94,0.1,1.2046678606889356,193,4,15.882901554404146,39.5,-9.9,0.13471502590673576,0.8433417864738096
485,328.72,1.4874208144796381,5.0,0.11,1.1680201388835365,221,1,15.947511312217195,39.9,-9.7,0.14027149321266968,0.7852654255696688
486,272.21,1.4177604166666666,4.94,0.1,1.0757053864441493,192,5,15.315104166666666,39.4,-9.9,0.08333333333333333,0.758735660693129
487,312.67,1.525219512195122,4.99,0.16,1.1746787527517588,205,5,12.645365853658538,39.2,-9.5,0.11219512195121951,0.7701702891678465
488,277.4,1.4225641025641025,5.0,0.11,1.0825021557768062,195,4,15.923076923076923,39.8,-9.8,0.1282051282051282,0.7609514072692041
489,313.74,1.5156521739130435,4.93,0.11,1.2373968270348568,207,1,15.533333333333333,40.0,-10.0,0.06763285024154589,0.8164121348766984
490,368.39,1.6372888888888888,4.98,0.13,1.2792346453164012,225,2,15.855111111111112,39.9,-10.0,0.09777777777777778,0.78131272617658
491,291.91,1.5046907216494847,4.94,0.1,1.1677617567087908,194,1,12.872680412371135,39.7,-9.9,0.17010309278350516,0.7760809180963495
492,309.16,1.4052727272727275,4.93,0.14,1.0503782394109962,220,5,14.451818181818183,39.8,-9.6,0.12727272727272726,0.7474550804451389
493,298.54,1.546839378238342,4.85,0.1,1.300083274617929,193,3,15.771502590673576,39.8,-9.4,0.12435233160621761,0.8404772291862406
494,301.17,1.4691219512195122,4.99,0.12,1.2672879834884465,205,2,15.184878048780488,39.9,-10.0,0.12682926829268293,0.8626159199625844
495,287.72,1.431442786069652,4.92,0.12,1.1828894318406094,201,3,13.940796019900498,39.9,-9.7,0.0945273631840796,0.8263616564714391
496,282.58,1.3989108910891088,4.94,0.11,1.0581222464996711,202,3,16.54257425742574,40.0,-9.9,0.15346534653465346,0.7563900268700318
497,340.5,1.5337837837837838,4.91,0.14,1.2093639583716074,222,5,14.775675675675675,39.8,-9.9,0.11261261261261261,0.7884839904801669
498,317.56,1.5878,4.95,0.13,1.265892006793756,200,1,14.8255,39.7,-9.9,0.125,0.7972616241300894
499,317.23,1.5106190476190478,4.98,0.11,1.2160427221227859,210,3,15.311904761904762,40.0,-9.4,0.12380952380952381,0.8049962854893453
500,275.71999999999997,1.6314792899408281,4.91,0.12,1.2884813185294899,169,4,13.653254437869823,39.8,-9.7,0.07692307692307693,0.7897625955008117
